Алгоритм,MAE,MSE,RMSE,R2 Square
Множественная регрессия,80879.09723489443,10089009300.89399,100444.06055558482,0.9179971706834331
Робастная регрессия,82247.76470979939,10449668452.895948,102223.61983854782,0.9150657559130598
Гребневая регрессия,80873.38944724614,10089135670.007484,100444.68960580985,0.9179961435632734
Регрессия LASSO,80873.38944724614,10089135670.007484,100444.68960580985,0.9179961435632734
Полиномиальная регрессия,80886.67204231035,10099268148.792528,100495.11504940192,0.9179137874167398
Стохастический градиентный спуск,80879.09104622762,10089007841.34397,100444.05329009761,0.9179971825465634
Метод опорных векторов,87109.10221419216,11963457919.118093,109377.59331379573,0.9027617709014857
